142,Aaron,7
209,Abbey,59
257,Abbington,97
350,Abbot,54
369,Abbott,26
630,Abel,44
727,Abercrombie,12
744,Abernethy,94
745,Abington,46
835,Ace,34
850,Acheson,37
856,Acker,77
884,Ackerson,23
945,Ackroyd,12
1116,Acland,16
1204,Acton,87
1217,Adams,77
1242,Adamson,23
1291,Adcock,73
1438,Addington,36
1885,Addinsell,65
2006,Addison,49
2067,Addy,90
2131,Adinton,96
137,Adkins,20
284,Adlam,0
330,Adrian,89
444,Ager,14
693,Agnew,72
867,Agutter,72
883,Ahearne,14
974,Aidan,72
1013,Ailey,68
1118,Aimers,43
1139,Ainsworth,77
1352,Airey,42
1359,Airy,81
1422,Aitken,83
1553,Albarn,68
1774,Albright,82
1797,Alcock,71
1861,Alcott,29
1876,Alderson,78
2008,Aldington,6
81,Aldis,11
118,Aldiss,39
127,Aldrich,29
211,Aldridge,37
317,Alexander,45
331,Alford,81
366,Algren,34
743,Allan,86
969,Allen,72
1310,Allenby,69
1431,Allingham,23
1544,Allison,35
1666,Allport,13
1705,Allston,14
1849,Almond,20
2099,Ambler,52
2123,Amery,87
2156,Ames,49
2163,Amherst,3
3,Amis,23
380,Anderson,2
409,Andrews,17
550,Angell,96
768,Ankerson,96
841,Annakin,93
860,Anthony,32
1110,Anvil,62
1226,Appleby,4
1279,Applegarth,93
1304,Appleton,73
1314,Appleyard,21
1433,Archer,93
1561,Archibald,91
1732,Aris,65
1984,Arkin,24
2016,Arkwright,37
2048,Arliss,98
2060,Armitage,17
2069,Armstrong,28
285,Arne,72
305,Arnett,31
387,Arnold,4
476,Arterton,45
67,Arthur,77
558,Arthurs,37
587,Ascham,5
629,Ashbery,64
646,Ashburton,78
754,Ashby,39
68,Ashcroft,56
799,Asher,29
819,Ashfield,23
834,Ashley,70
851,Ashton,10
929,Asquith,49
948,Astley,66
959,Aston,95
1133,Astor,48
1161,Atkins,0
1324,Atkinson,14
1458,Attenborough,67
1586,Attlee,28
1616,Attwell,77
1632,Attwood,56
1697,Aubrey,23
1726,Auden,66
1743,Audsley,79
1844,Audubon,64
1871,Austin,53
1954,Avallone,42
24,Aveling,32
201,Avery,88
315,Avory,94
580,Awdry,98
640,Aynsley,35
680,Ayrton,79
696,Babbage,8
865,Babbington,84
101,Backley,71
970,Bacon,81
1107,Bagehot,12
1173,Bagley,41
1273,Bagwell,98
1365,Bailey,24
1374,Baily,85
1484,Bain,91
1536,Baines,30
1542,Baird,2
1723,Baker,54
1825,Balbirnie,82
1965,Baldwin,94
2018,Bale,45
2096,Balfe,99
2184,Balfour,57
2221,Ball,34
147,Ballard,23
307,Balliol,87
117,Bamber,100
336,Banes,9
365,Banfield,18
446,Bankes,72
447,Banks,22
454,Bannerman,94
662,Bannister,56
8,Bantock,59
802,Barbour,51
885,Barclay,74
1065,Baring,18
1654,Barker,61
1787,Barks,47
1937,Barlow,35
135,Barlowe,54
184,Barnard,12
276,Barnes,30
408,Barnett,5
639,Barr,76
796,Barraclough,22
69,Barrett,81
1077,Barrie,89
1080,Barrington,47
1189,Barron,79
1220,Barry,81
73,Barth,45
1296,Bartlett,11
1343,Barton,10
1362,Baskerville,24
1370,Bassett,49
76,Batchelor,6
1581,Bates,52
1585,Bateson,77
1631,Battle,27
1683,Bax,77
1716,Baxter,87
1753,Bayly,68
1938,Beaconsfield,69
1958,Beadon,59
2032,Beale,46
2059,Beamont,17
2119,Bean,12
475,Beanland,93
501,Beardsley,42
554,Beaton,14
667,Beattie,60
721,Beatty,90
732,Beaumont,51
739,Beck,31
916,Becket,25
1010,Beckett,52
1145,Beckford,21
1267,Beckham,66
1320,Beckles,53
1480,Beckley,42
1529,Beckwith,59
1555,Beddoe,82
1626,Bedford,42
1672,Beecham,30
1704,Caird,95
1812,Calder,66
1827,Caldwell,32
1831,Callaghan,33
2009,Callow,23
2064,Calvert,67
552,Cambell,52
556,Camden,32
697,Cameron,100
801,Campbell,25
946,Campian,98
988,Campion,20
1083,Camps,27
1186,Cannadine,80
1203,Canning,47
1475,Card,20
130,Cardiff,75
77,Carey,61
1582,Carleton,28
1590,Carlin,63
1612,Carlisle,35
1664,Carlton,81
1891,Carlyle,88
1945,Carnall,77
1975,Carnegie,5
2012,Carr,82
2019,Carrack,9
2025,Carrington,40
2044,Carrol,85
2191,Carroll,2
2197,Carson,89
394,Carter,26
524,Cartlidge,0
542,Cartpenter,7
188,Cartwright,14
778,Carvel,70
782,Carvell,88
833,Cary,65
933,Case,52
1007,Casey,25
1233,Cashman,13
1366,Cassells,34
1380,Cattermole,20
1400,Cattrall,76
1445,Cavendish,36
1507,Cavill,74
1692,Caxton,58
1851,Cayford,12
2003,Cayley,87
2015,Cecil,2
23,Chad,22
2142,Challis,56
27,Chamberlain,36
591,Chambers,8
700,Chandler,57
786,Chapman,29
1040,Charlton,100
163,Charnley,23
1521,Chatwin,75
1643,Chaucer,13
1966,Chauncey,84
2041,Cheers,23
2139,Chenoweth,16
2158,Cheshire,31
231,Chesterton,28
367,Chichester,15
385,Child,83
474,Childs,16
513,Chipchase,1
519,Christie,7
525,Church,43
643,Churchill,41
655,Citrine,43
710,Clackson,26
728,Clapton,46
237,Clark,93
1044,Clarke,53
1047,Clay,64
1174,Clayton,53
1224,Cleaves,12
1339,Cleese,43
1378,Clegg,16
1446,Cleland,72
116,Cleobury,99
1761,Clerihew,96
223,Cleveland,66
1989,Cleverley,44
1991,Clifford,71
2021,Clifton,66
2030,Clinton,52
2080,Clive,71
2083,Close,64
2089,Clough,14
2094,Coates,7
2150,Cobbett,48
141,Cockburn,13
473,Cocker,46
579,Codd,2
636,Coen,48
665,Coffey,38
711,Coulfield,16
730,Coulson,53
894,Coulthard,83
901,Court,3
926,Courtenay,96
1046,Cousins,3
1081,Coverdale,94
1181,Covington,13
1200,Cowan,10
16,Coward,81
1225,Cowen,67
1377,Cowley,80
1488,Cowling,2
1527,Cowper,17
1628,Cox,95
1707,Coxon,58
177,Craig,98
1816,Craine,47
1909,Cram,72
1917,Crammer,20
1977,Crane,48
249,Craven,53
2038,Crawford,33
2086,Creagh,63
61,Creighton,86
2134,Crenshaw,70
2204,Crewe,35
429,Crewes,10
570,Cripps,29
692,Crocker,99
52,Crockford,98
874,Croft,62
1034,Crofts,53
1184,Croke,71
1261,Crompton,26
1372,Cromwell,94
1385,Cronnelly,80
1413,Crook,67
1417,Crosbie,68
1490,Crossley,9
1538,Crowdey,1
1793,Crowe,80
1803,Crowley,31
325,Crowther,3
2235,Croydon,75
382,Cruikshank,26
410,Crumb,54
411,Crystal,10
510,Cullen,67
520,Cumberbatch,100
653,Desmond,44
776,Devlin,69
915,Devonish,60
944,Dew,51
1009,Dewar,3
1070,Dewey,39
1091,Dexter,4
1148,Dickens,30
1235,Dickinson,75
129,Dickson,67
1587,Dilke,70
1711,Dill,61
2000,Dillon,49
2042,Dimbleby,73
229,Dineley,94
2093,Dingley,98
431,Dirac,88
674,Diskin,9
763,Disley,100
122,Dixon,57
1141,Dobson,37
1156,Dockrill,64
1191,Dodgson,60
1286,Doherty,62
1302,Dolan,76
1354,Donaghy,83
1356,Donaldson,10
1560,Donne,79
1571,Donnellon,77
1652,Donnelly,97
1869,Donovan,38
1882,Douglas,85
1925,Dowdall,2
261,Dowdeswell,28
2198,Dowding,88
432,Dowell,19
479,Dowland,96
502,Dowling,72
752,Downer,12
789,Downes,9
791,Downing,82
862,Dowson,65
303,Doyle,42
987,Drabble,90
1241,Drake,52
1294,Dransfield,24
376,Draper,17
1363,Drewett,6
1367,Driscoll,81
1412,Driver,61
38,Eagle,77
1496,Eagleton,20
1593,Ealdred,42
1741,Eames,25
1842,Earhart,72
1907,Easdale,75
1951,Easterbrook,42
1972,Easton,93
1993,Eaton,97
2063,Eccles,85
267,Eccleston,85
441,Eckert,66
470,Eddington,3
590,Eddison,43
391,Eddowes,77
805,Eden,59
958,Edge,28
1052,Edgeworth,6
1063,Edison,41
1295,Edkins,56
198,Edmonds,44
40,Edmundson,28
1778,Edney,2
1794,Edwards,17
1802,Edwin,4
134,Effinger,22
1873,Egan,28
226,Eggar,5
671,Eggleston,86
50,Eggleton,61
792,Eklund,84
162,Eldon,83
873,Eldred,73
886,Eley,36
124,Elgar,38
973,Elgin,44
993,Eliot,74
1000,Elkin,62
1012,Ellington,40
310,Elliot,44
166,Elliott,82
1259,Ellis,30
1328,Ellison,23
37,Ellsberg,99
399,Ellwood,27
1457,Elman,94
1603,Elmes,94
1613,Elphinstone,32
222,Elton,5
1673,Elwes,5
1796,Ely,39
1814,Embrey,20
2115,Embury,71
2152,Emerson,94
2178,Emery,34
539,Emmet,52
541,Enfield,9
637,England,22
896,Englefield,70
967,English,51
214,Ennis,24
312,Entwistle,30
337,Erikson,35
1386,Erskine,51
1410,Esmond,42
1472,Etchison,10
1482,Etheridge,41
1508,Etherington,33
1546,Evans,17
1642,Evarts,82
1659,Evatt,26
1712,Eveleigh,69
342,Everest,87
1811,Everett,88
1877,Ewing,92
2117,Fairchild,96
2195,Fairclough,17
2231,Fairfield,17
120,Falconer,83
788,Fallon,66
888,Flockhart,58
908,Florence,7
963,Florey,40
1090,Follett,42
1183,Foot,63
165,Forbes,4
1311,Ford,4
1509,Forester,59
378,Forgus,64
1667,Forster,28
111,Forsyth,46
2023,Fortescue,75
2151,Fortune,27
2201,Foster,67
562,Foulds,69
92,Fowler,55
651,Fowles,76
668,Fox,46
690,Frampton,51
760,Francis,37
826,Franklin,92
904,Fraser,83
937,Freeman,61
942,Freemantle,60
956,Friday,22
975,Friel,63
989,Fripp,44
1164,Frost,76
1275,Froude,48
1312,Fry,85
1340,Fugler,20
1420,Fuller,10
1513,Fullerton,88
1755,Furnivall,49
43,Gage,66
1923,Gahan,70
88,Gainsborough,64
593,Gaitskell,76
775,Galbraith,88
415,Gale,85
843,Gallagher,7
12,Galloway,32
907,Galsworthy,9
35,Galton,90
1206,Galvin,88
17,Galway,32
1249,Garber,34
1287,Gardener,57
1358,Gardiner,55
401,Gardner,57
1428,Golding,76
379,Goldsmith,58
174,Goldsworthy,27
107,Golledge,53
176,Gooch,63
1721,Goodall,17
1790,Goode,40
1798,Goodfellow,9
1845,Goodgame,80
224,Goodwin,9
2148,Gordon,80
2173,Gore,90
2213,Gorham,20
518,Gorry,38
160,Gorton,66
497,Gosling,18
652,Goss,26
657,Gough,57
794,Goulding,72
845,Gower,97
1011,Grady,72
508,Grafton,91
1252,Graham,35
375,Grant,92
244,Granville,1
1423,Graves,91
531,Gray,62
1492,Green,96
1548,Greenaway,48
1549,Greenbury,11
1600,Greene,54
1710,Greenfield,78
1745,Greenhalgh,22
1860,Greenhough,59
1955,Greening,64
2072,Greenwood,37
2220,Gregory,44
705,Gregson,60
722,Grenfell,44
740,Grennell,86
877,Grenville,30
1093,Gresham,60
359,Grewcock,17
1248,Grey,32
1263,Grierson,57
1334,Griffin,37
1467,Griffith,13
217,Griffiths,66
1506,Grindey,87
259,Grint,95
1688,Hand,64
1699,Hanks,61
406,Hanretty,48
1956,Hanson,46
492,Hansson,12
2061,Harcourt,57
345,Hardcastle,96
645,Harding,29
701,Hardstaff,37
708,Hardy,82
151,Hare,89
978,Hargin,25
437,Hargreaves,77
1029,Harington,70
1134,Harlow,17
1215,Harmsworth,41
1272,Harness,40
1321,Harper,25
1326,Harries,22
1429,Harrington,51
1436,Harris,2
246,Harrison,45
1694,Hart,71
1832,Hartfield,34
1847,Hartley,60
1952,Hartnett,22
1992,Hartshorne,64
2155,Harvey,52
2240,Haskell,11
677,Haslam,19
720,Hasluck,18
766,Hastings,64
811,Haswell,22
433,Hatcher,37
887,Hathaway,60
990,Hatson,31
999,Hatton,31
1078,Hauksbee,56
1089,Haviland,64
1105,Hawken,26
19,Hawkey,40
74,Hawkins,69
1379,Hawkyard,22
1517,Hawley,43
1543,Haworth,34
1588,Hawthorne,48
1690,Hawtrey,53
1881,Hay,63
1996,Hayden,96
364,Hayes,100
2125,Hinshelwood,57
2146,Hinsley,13
634,Hiscock,33
29,Hitchcock,72
549,Hitchens,19
30,Hitchon,87
388,Hoare,80
53,Hodge,29
32,Hodges,93
551,Hodgkinson,95
1067,Hoffman,59
1094,Hogan,67
1125,Hogarth,88
1128,Holbein,23
1165,Holborne,74
1195,Holbrooke,96
1230,Holden,14
1345,Holdsworth,28
1440,Holles,14
283,Hollingworth,55
145,Holloway,78
1668,Holmes,76
1670,Holst,85
1674,Holyland,50
1680,Home,88
84,Honeyball,51
1792,Hooker,76
1800,Hooper,42
405,Hopkins,49
1870,Hopkinson,13
319,Hopper,41
1912,Horgan,94
2029,Hornby,10
2070,Hornsby,71
2085,Horsewood,87
2186,Horwood,59
123,Hoskins,92
992,Houghton,78
334,Household,2
1346,Housman,6
1453,Houston,81
1523,Howard,26
1567,Howe,43
1594,Howell,84
1614,Howells,64
1638,Howitt,17
1656,Hoyle,73
603,Hubbard,16
1717,Huddleston,42
41,Hudson,95
1808,Huffington,24
1888,Hughes,63
1915,Hull,14
288,Hulme,8
2026,Hume,60
664,Humfrey,36
291,Humphreys,52
2112,Humphries,45
453,Humphry,28
236,Hungate,78
97,Hunt,8
459,Hunte,86
594,Hunter,99
1127,Huntington,67
1237,Hurd,11
1439,Hurley,95
1570,Hustler,91
361,Hutchings,41
1807,Hutchinson,18
1883,Hutson,89
516,Huttlestone,74
1949,Hutton,59
1981,Huxham,67
2039,Huxley,45
2104,Hyatt,75
2114,Hyde,65
326,Hydon,33
2175,Hyland,74
2176,Hyndman,19
2229,Idle,88
2236,Ince,87
716,Inge,11
723,Ingleby,27
731,Inglis,25
352,Ingram,26
1185,Inman,69
1201,Inns,16
622,Ireland,37
54,Ireton,56
1383,Irons,73
1682,Irvine,92
495,Irving,75
472,Isaacs,69
1795,Isherwood,20
179,Ives,36
2050,Izzard,64
2105,Jackman,100
800,Jackson,88
822,Jacobs,52
864,Jagger,87
875,James,69
957,Jamieson,92
965,Jarman,17
33,Jarvis,63
1057,Jeffers,44
1102,Jefferson,41
1190,Jeffrey,18
1329,Jeffreys,55
339,Jekyll,92
39,Jenkins,75
1736,Jenkinson,25
178,Jenks,32
1758,Jenner,98
1862,Jibson,100
1913,John,100
2129,Johns,32
783,Johnson,30
960,Johnston,45
1056,Johnstone,14
642,Jones,39
694,Jonson,43
1149,Joplin,83
1196,Jordan,49
1219,Joseph,96
311,Joule,16
1245,Joyce,37
1292,Judge,6
1306,Kavanagh,59
349,Kay,49
360,Kean,78
338,Kearney,11
105,Kearns,64
1606,Keats,84
1702,Keeley,32
1750,Keen,15
703,Keenan,73
2024,Keighley,33
206,Kellegher,97
494,Kellett,56
2209,Kelly,24
480,Kemble,5
879,Kemp,60
100,Kendall,4
545,Kendrick,56
1039,Kenna,77
1082,Kennedy,85
1170,Kennett,29
1210,Kensit,90
1216,Kent,2
412,Kerney,51
1227,Lansdowne,49
1234,Lappin,90
194,Larkins,67
1338,Larner,40
1342,Lascelles,8
1399,Latimer,89
578,Laughton,63
1504,Laurenson,79
1678,Law,83
110,Lawes,2
1786,Lawrence,83
202,Lawson,81
1833,Lawton,43
515,Layard,76
286,Leach,4
1901,Leacock,93
1950,Leahy,8
289,Leakey,27
2210,Lean,96
238,Lear,68
392,Leary,91
909,Leavis,94
920,Lecky,30
1002,Lee,29
1036,Leek,82
1198,Legge,13
1221,Leigh,43
1231,Leighton,59
1416,Leith,47
1566,Leland,44
1580,Lemmon,73
1625,Lennon,47
1689,Lerwill,52
78,Leslie,8
1777,Lessing,9
21,Lester,61
2074,Levin,35
706,Levine,39
2157,Levingston,96
517,Levins,41
923,Lewis,25
938,Leyland,68
949,Leyton,38
976,Lick,49
981,Liddell,39
1018,Lightfoot,78
278,Lilburne,10
619,Lilienthal,26
1154,Lillie,45
372,Lillywhite,43
1256,Lyttelton,51
1322,Lytton,10
1415,Mabe,90
762,MacAlpine,96
489,MacArthur,100
675,Macaulay,0
1655,Macauley,42
581,MacBride,25
1789,MacDonald,14
112,MacDonnel,53
1855,MacFarlane,97
565,MacFarren,62
612,MacGill,77
607,MacGregor,51
91,MacIntosh,76
726,MacIntyre,4
292,Mack,22
2087,MacKay,59
2187,MacKenzie,40
2239,MacKey,100
506,MacKie,96
734,MacKinlay,21
1169,MacKintosh,26
485,MacLaine,49
1236,MacLaughlin,14
1297,Maclaurin,100
1483,MacLean,17
787,MacLeod,46
1493,MacMahon,8
220,MacManus,97
535,MacMillan,61
628,Macnaghten,83
682,MacNair,36
1973,MacNeice,68
2002,MacNeil,95
324,MacNeill,20
2092,MacSweeney,99
332,Macy,30
934,Maddrell,25
438,Maguire,58
1025,Mahoney,44
71,Maihew,36
1175,Maitland,81
374,Major,86
557,Makepeace,68
1510,Mallett,11
1532,Malory,75
1551,Malthouse,8
1698,Malthus,66
1742,Mansfield,28
1780,McClintock,23
842,McClure,52
1964,McColgan,99
2033,McCollum,100
503,McConnell,94
1096,McCorkell,81
1100,McCormack,73
1182,McCormick,79
1347,McCorquodale,27
1384,McCoy,33
400,McCullagh,7
218,McCullin,7
1578,McCulloch,0
153,McCullough,87
861,McDonald,28
582,McDonnell,80
362,McDougall,12
1752,McDowell,6
430,McElhiney,12
816,McElwee,32
1936,McEvoy,87
1999,McFadden,43
2124,McFarlane,56
353,McGill,78
504,McGinnis,18
187,McGlynn,54
1045,McGonagle,77
1079,McGough,79
572,McGovern,65
615,McGregor,31
1147,McGuigan,28
373,McGwire,59
1247,McHugh,58
1266,McIntosh,47
1432,McIntyre,85
1463,McKane,92
772,McKay,22
1784,McKeavney,54
1788,McKee,8
1846,McKellen,65
605,McKenna,57
1868,McKennitt,9
685,McKenzie,64
568,McKeone,24
2167,McKeown,42
2181,McKernan,87
2226,McKerrow,19
416,McKie,51
641,McKinney,96
1095,McKinnon,42
1119,Milnes,56
1172,Milton,44
912,Milward,90
1193,Minter,62
808,Minton,50
758,Mitchell,44
1344,Mixon,78
1389,Moffat,64
1434,Moffett,14
488,Mogan,6
1515,Mogg,37
197,Mogridge,78
1558,Moleyns,5
2,Moloney,85
1657,Monaghan,100
1766,Monckton,91
1773,Moncrief,39
1801,Monroe,96
564,Montagu,64
149,Montague,0
1947,Monteith,34
702,Montgomery,39
180,Moodie,13
2036,Moon,34
848,Mooney,8
2100,Moorcroft,78
2122,Moore,68
666,Moorehead,82
2238,Morahan,96
961,Moran,67
870,More,58
1038,Morgan,52
1076,Morgans,79
1115,Morlan,4
481,Morley,68
913,Moroney,34
1315,Morpeth,80
1371,Morphew,55
1474,Morris,98
1491,Morrison,95
532,Morrissey,17
1597,Morrow,4
1676,Morse,81
247,Mort,99
316,Mortimer,78
1823,Morton,64
1892,Moseley,35
2045,Moses,74
2162,Mosley,56
1049,Moss,31
1092,Mott,64
1202,Mottelay,56
1238,Moulding,46
1240,Muggeridge,4
575,Muir,49
1281,Muirhead,5
528,Mulcahy,83
1332,Mulligan,91
530,Mundy,78
1770,Munro,73
548,Munroe,23
921,Murdoch,71
1863,Murdock,81
1867,Murphy,54
255,Murray,5
370,Murt,19
2017,Musgrave,3
586,Musson,11
2111,Mutton,73
631,Mycroft,81
2130,Myler,25
138,Napier,65
1023,Nash,51
1043,Neal,34
1055,Neely,51
618,Neeson,25
931,Nelson,90
1122,Nettleship,10
982,Neville,85
1223,Newell,92
1253,Newhouse,76
420,Newlands,81
1301,Newman,99
719,Newmark,35
1364,Newton,4
1404,Nicell,52
1511,Nicholls,41
1552,Nichols,64
1599,Nicholson,28
1608,Nicks,29
108,Nicol,54
1658,Nicolson,6
774,Nipher,56
148,Nish,40
1914,Nixon,62
1931,Noakes,31
94,Noel,9
903,Nolan,54
2126,Nordley,74
252,Norfolk,1
979,Norman,29
769,Norris,9
1177,Norrish,31
496,North,86
1229,Northam,50
738,Northmore,65
1330,Northrop,30
529,Norton,58
968,O'Brian,66
1406,O'Brien,89
650,O'Byrne,21
1461,O'Callaghan,33
1556,O'Casey,56
1577,O'Connell,88
1731,O'Connor,60
1834,O'Crowley,87
1864,O'Doherty,88
2037,O'Donnell,7
2141,O'Donoghue,57
2217,O'Duffy,50
1074,O'Fallon,52
1163,O'Farrell,82
1519,O'Flaherty,8
1545,O'Grady,21
1589,O'Hara,56
561,O'Hare,67
1021,O'Herlihy,68
133,O'Higgins,27
1739,O'Keeffe,49
918,O'Kelly,13
4,O'Leary,27
1829,O'List,10
994,O'Malley,82
1874,O'Meara,3
1878,O'Neill,94
1911,O'Reilly,19
156,O'Riordan,72
347,O'Rourke,1
1028,O'Shaughnessy,17
2159,O'Shea,85
2233,O'Sullivan,10
906,O'Toole,8
279,Oakes,46
333,Oakeshott,54
1283,Oakwood,32
1293,Oates,58
195,Occleve,93
1375,Odam,73
1426,Odets,60
1470,Odum,93
277,Parr,87
534,Parry,66
1621,Parsons,91
1647,Partland,48
1669,Partridge,2
627,Pascoe,49
840,Paston,2
1854,Paterson,34
113,Patten,73
1884,Pattenden,79
1941,Patterson,85
302,Paulson,57
1987,Paxton,75
322,Payne,72
2005,Peabody,59
2007,Peace,61
2031,Peake,1
2047,Peakman,40
2136,Pearce,7
1132,Pearl,61
207,Pearson,13
239,Pease,68
1051,Peel,27
192,Peirce,0
395,Pelham,73
1243,Pelling,50
1319,Pemberton,95
962,Pendry,33
729,Penford,20
1016,Pennington,97
173,Penry,14
1640,Pepper,17
813,Perceval,36
1804,Percy,47
456,Perkins,58
1924,Perks,100
882,Perrers,41
1979,Perry,99
1983,Pershing,59
1985,Pester,2
290,Peters,50
2066,Peyton,56
687,Phelan,13
60,Philips,11
2144,Phillips,72
608,Phillipson,2
1137,Phillpotts,70
1179,Philpot,72
499,Phoenix,25
780,Pickering,40
831,Pickles,36
460,Pierce,52
928,Pilcher,96
1355,Pilkington,74
464,Pincott,41
600,Pinter,34
1449,Pirie,51
354,Pitman,30
1005,Pitt,99
1617,Pitts,38
1003,Plaisted,84
656,Plant,12
1809,Plender,1
1889,Plowright,37
1957,Pointer,92
150,Pollock,7
844,Ponting,60
2022,Poole,85
2098,Porter,67
189,Postlethwaite,14
2205,Poswell,11
2206,Potter,22
1158,Pottinger,29
1035,Potts,64
935,Powell,1
1106,Power,84
1290,Preece,17
1361,Prescott,50
1373,Press,1
1473,Preston,14
1610,Price,96
1627,Prichard,3
654,Pridgen,54
1746,Pridmore,78
1121,Priestley,72
2073,Prime,6
2091,Primrose,10
1050,Pritchett,44
2223,Probert,63
854,Prosser,66
753,Proudfoot,46
781,Prouse,59
985,Prowse,95
1265,Pryce,88
759,Pugh,62
1331,Purcell,7
1337,Pyle,55
171,Quaife,9
1392,Quemby,51
1468,Quigley,5
1502,Quilter,87
1086,Quin,61
1059,Quine,79
514,Quinlan,86
824,Quinn,69
659,Quinton,91
1899,Quirk,39
1922,Rabkin,20
99,Rackham,93
363,Radcliffe,68
22,Radford,84
2076,Rae,20
62,Rafferty,59
2160,Raikes,14
2171,Raine,72
2219,Rainwater,67
1257,Rake,4
509,Raleigh,65
1318,Rampling,41
102,Ramsay,87
1349,Ramsey,69
559,Rance,57
1550,Rand,91
626,Randall,100
1084,Randolph,4
1713,Rangeley,77
1826,Rankin,9
1879,Ransome,29
583,Rapp,21
1918,Raskin,66
321,Ratcliffe,38
2071,Rathbone,5
299,Ratledge,17
295,Ravenscroft,41
2154,Rawle,74
914,Rawsthorne,66
1300,Ray,100
1303,Raymond,6
1409,Raynor,67
809,Read,93
164,Reade,65
1535,Reber,24
215,Recorde,56
812,Reddie,88
1783,Redding,87
154,Reddington,97
1114,Redfield,66
318,Redford,40
1821,Redgrave,55
1850,Redmayne,72
2052,Rockwell,65
2081,Rodford,43
2208,Rodger,90
2212,Rodgers,66
983,Rodham,85
1073,Rodney,63
1408,Roger,70
275,Rogers,57
1421,Ronan,45
1424,Rooke,57
858,Rooney,83
1486,Roosevelt,100
1516,Root,52
1530,Rootham,5
491,Roper,67
1751,Rose,37
297,Ross,60
498,Rosser,75
1852,Rosseter,77
9,Rothery,3
1926,Rowland,42
584,Rowlands,76
181,Rowlatt,56
1171,Rowling,9
1271,Rowntree,30
167,Roy,64
1239,Royce,48
1452,Royle,5
602,Rudman,81
1641,Rumbelow,34
1661,Runchman,86
1671,Runciman,30
1693,Rundall,75
1700,Rush,11
49,Ruskin,49
1725,Russ,60
829,Russell,92
1939,Rust,39
136,Ruth,1
704,Rutherford,28
2062,Rutland,45
2082,Ryan,74
688,Rylands,95
87,Ryle,0
748,Ryles,78
2128,Sabine,20
2145,Saintsbury,17
1305,Salinger,29
936,Salisbury,97
1395,Salk,26
507,Sessions,57
1427,Seton,18
1477,Sewell,53
1479,Sexby,29
1481,Sexton,41
421,Seymour,84
810,Shaftesbury,77
440,Shakespeare,27
735,Shaman,26
351,Shamrock,50
436,Shankly,100
569,Shannon,67
932,Sharman,53
871,Sharp,83
1971,Sharpe,82
287,Sharrock,93
6,Shaughnessy,63
2179,Shaw,12
1168,Shearer,10
567,Shearsmith,47
1333,Sheehan,56
281,Sheen,84
1341,Sheeran,47
751,Sheffield,97
807,Shelley,44
1505,Shelvey,67
830,Shepherd,22
624,Sheppard,18
673,Sheridan,15
273,Sheringham,98
1681,Sherry,79
271,Sherwood,78
793,Sheward,41
1856,Shield,97
1903,Shirley,58
1933,Shoebridge,6
34,Shoemaker,15
902,Shortt,48
1232,Sidney,52
2138,Sillitoe,92
2149,Simm,74
414,Simmons,64
2194,Simon,37
2196,Simons,96
2237,Simpson,27
36,Sinclair,74
1381,Sinfield,25
1405,Sisley,81
465,Skeffington,68
1419,Skelding,55
196,Skinner,49
185,Skone,57
1573,Slade,43
1579,Slater,75
403,Slattery,30
199,Sloan,8
1651,Slocombe,49
393,Sly,66
837,Smallwood,88
1685,Smart,78
679,Smith,43
1729,Smyth,66
1756,Smythe,93
1769,Snell,59
1791,Snelling,72
658,Snow,71
1817,Soane,61
1835,Soddy,5
1857,Sollars,48
484,Solley,28
1894,Solow,34
1251,Somers,99
407,Soper,11
114,Sorby,84
930,Sotherland,51
2035,Sotherton,84
2110,Soule,5
2147,Sowell,77
925,Spark,99
1135,Speake,3
1450,Spearing,50
1285,Spedding,93
467,Spence,83
1017,Spencer,56
698,Spendlove,95
126,Spenser,90
1313,Spiers,83
419,Spooner,34
661,Spring,16
1117,Springfield,93
820,Spurgeon,58
1199,Squire,86
2004,Stacey,50
736,Stainton,95
2040,Stamp,53
272,Standing,38
1214,Stanfield,87
596,Stanford,88
1387,Stanley,73
1130,Stansfield,90
1459,Stanton,42
1514,Stapledon,9
1522,Staples,69
1537,Stapleton,61
784,Star,86
621,Starkey,80
1684,Starrett,40
1708,Steel,39
1748,Steele,59
537,Steiner,15
483,Stephen,18
1228,Stephens,49
1886,Stephenson,23
1024,Stepney,22
439,Sterling,44
1978,Sterne,33
228,Sterry,21
1098,Steuart,39
597,Stevens,66
2090,Stevenson,90
2180,Steward,31
849,Stewart,7
2193,Stiles,33
2227,Stirling,56
93,Stockdale,42
1498,Stockwin,55
46,Stokes,6
1564,Stone,46
1583,Stoney,47
1623,Stoppard,80
1388,Storace,21
1737,Storey,83
1747,Stowe,86
947,Street,12
1775,Stride,64
451,Stuart,65
1806,Stubbs,86
1187,Stynes,13
1905,Such,42
1268,Suckville,78
952,Sullivan,46
825,Summerhayes,99
750,Summers,76
2014,Summerskill,46
1398,Sumner,7
2053,Sutcliff,53
2107,Sutherland,44
818,Sutton,77
356,Swan,74
435,Sweeney,7
1563,Sweetman,98
1140,Swift,60
1619,Swingler,97
1686,Swinnerton,59
1714,Syers,0
1771,Sykes,74
823,Symes,12
544,Tait,100
381,Talbot,70
1902,Talcott,72
1942,Tallis,35
1211,Tanner,19
2010,Tarrant,31
300,Tasker,31
1376,Tatchell,90
2203,Tate,88
2216,Taverner,10
718,Tawney,12
89,Tayler,51
941,Taylor,41
576,Telford,7
1636,Temperton,45
1639,Temple,71
371,Tennant,25
614,Tenniel,6
1727,Tennyson,33
756,Tester,81
1246,Thackeray,96
48,Thackwell,40
1810,Thatcher,30
1843,Thayer,55
1853,Theiler,7
1144,Thewlis,60
1897,Thokell,10
589,Thomas,4
1927,Thompson,12
1963,Thomson,75
2001,Thorn,49
500,Thorndike,29
80,Thorne,53
2057,Thornhill,11
566,Thornley,80
2153,Thornton,50
1323,Thorpe,58
11,Thurgood,91
1476,Thurman,36
1495,Tierney,44
1131,Tillett,18
1528,Tillotson,44
1645,Tillyard,92
1649,Timberlake,44
1113,Tiner,80
253,Tippett,63
1720,Tiptoft,95
1841,Titchmarsh,34
20,Tobias,46
863,Tohill,2
725,Tolman,87
434,Tomlins,5
2011,Took,86
686,Toomey,58
245,Tovey,76
2177,Towler,63
872,Townsend,27
56,Townshend,36
221,Toye,83
463,Toynbee,28
1014,Tragett,39
1703,Travers,9
1782,Traylor,18
1866,Traynor,4
1880,Trevor,49
977,Trewavas,34
1935,Truman,66
155,Tucker,43
1441,Tudor,75
1946,Tunstall,90
553,Turnbull,80
119,Turner,79
817,Turnour,62
327,Twigger,56
2228,Tye,13
2230,Tyler,78
625,Tyndale,40
1004,Tyrwhitt,59
10,Tysoe,46
1260,Underhill,73
1677,Underwood,12
1691,Uniacke,54
242,Upshaw,1
966,Upson,89
604,Urquhart,40
1485,Utley,71
527,Uttley,25
1088,Vaughan,9
1368,Vernon,3
1503,Vickers,87
1351,Vincent,36
951,Waddingham,92
1960,Waddington,46
1997,Wade,30
2027,Wain,62
954,Wainwright,6
2084,Wakeling,21
51,Wakeman,47
2108,Waldron,95
1136,Wales,40
455,Walford,86
139,Walker,7
1629,Walkinshaw,23
1456,Wall,14
204,Wallace,95
1042,Walpole,73
1900,Walsh,98
1919,Walter,54
468,Walters,80
1396,Walthew,12
2013,Walton,76
767,Warbeck,76
323,Ward,48
2109,Warham,62
633,Warleigh,56
707,Warlock,99
1108,Warner,1
890,Warren,92
1403,Warrilow,55
1569,Warriner,10
70,Washbourne,59
448,Washburn,14
764,Washington,84
742,Waterhouse,97
203,Waters,0
574,Watkinson,38
1865,Watmore,39
900,Watson,3
1075,Watt,65
1929,Watts,71
208,Waugh,1
522,Waylett,32
2049,Wayne,70
2113,Webb,84
746,Webber,31
115,Webster,42
2199,Wedgwood,16
526,Weeden,11
1033,Weight,26
1718,Weinberg,55
616,Weinberger,61
343,Weir,42
190,Welbourn,65
1815,Welch,93
1818,Weller,91
910,Welles,39
1026,Wellesley,28
1443,Wellington,93
1444,Wells,96
617,Welsh,85
1572,Welton,73
980,Welty,54
264,Wentworth,91
1401,Wesley,24
85,West,10
1335,Westbrook,83
1598,Westmoreland,71
1262,Weston,21
200,Westwick,14
1679,Westwood,58
1744,Wetton,30
1767,Weymouth,56
1772,Whalley,76
1779,Wharton,21
1460,Wheatley,11
747,Wheatstone,81
803,Wheeldon,28
1037,Wheeler,15
442,Wheelwright,67
1980,Whelan,12
1531,Whelbourne,56
358,Whight,15
571,Whishaw,50
1138,Whistler,29
1255,Whiston,91
131,Whitaker,81
2118,Whitbread,71
2132,White,8
462,Whitefield,96
868,Whitehead,51
2169,Whiteley,11
158,Whiteway,38
1644,Whitford,9
1728,Whiting,53
777,Whitman,17
1765,Whitmore,39
42,Whittington,3
1208,Whittle,65
1284,Whymper,92
1920,Whyte,50
1986,Wiat,87
1020,Wibberley,33
1469,Wickham,17
1278,Wickins,93
588,Widdowson,96
1611,Widdrington,6
2051,Wight,6
256,Wilberforce,12
47,Wilby,37
329,Wilbye,8
1031,Wilcox,71
2172,Wilde,37
804,Wilder,52
2190,Wilkes,45
1153,Wilkie,80
638,Wilkins,89
2200,Wilkinson,29
95,Wilks,36
1497,Willcocks,25
490,Williams,53
895,Williamson,11
1722,Willis,36
880,Willmott,1
1019,Willoughby,42
422,Wills,84
648,Wilmington,23
219,Wilmot,94
1604,Wilson,64
1858,Wimberley,71
427,Wimbury,59
1350,Winchcombe,56
1584,Windsor,80
384,Wingate,8
1974,Wingfield,45
911,Winslet,25
1998,Winston,1
1270,Winstone,91
83,Winter,7
106,Winters,98
689,Winterson,79
417,Winwood,72
2192,Wirgman,53
265,Wisdom,72
713,Wise,45
1058,Wishart,92
213,Withers,81
1733,Witherspoon,72
1061,Witting,0
889,Witty,58
445,Wodehouse,34
533,Wolf,66
175,Wolfenden,30
798,Wolsey,72
2043,Wolstenholme,43
1288,Wood,69
493,Woodman,93
1103,Woods,40
2224,Woodville,42
1494,Woodward,38
1325,Woolf,23
620,Woolley,75
1754,Wordsworth,65
1757,Worrall,73
1576,Worsley,34
1776,Worthington,90
672,Wray,45
828,Wren,74
346,Wrenn,18
232,Wright,23
1921,Wrigley,96
471,Wroughton,62
5,Wulfstan,75
1280,Wyatt,45
335,Wyeth,11
1289,Wyld,67
2056,Wyler,35
715,Wyman,92
2165,Wymark,98
547,Yardley,15
853,Yarnold,87
274,Yates,40
1715,York,22
838,Yorke,76
741,Young,85
404,Younghusband,80
1763,Zindell,48
1327,Colbourne,38
1454,Cole,25
1646,Coleman,93
1524,Coleridge,71
210,Coles,31
191,Colet,16
1129,Colkett,36
1940,Colledge,77
1943,Collett,28
240,Colley,95
1662,Collier,10
821,Collins,45
1006,Collinson,96
592,Colman,37
714,Colquhoun,29
2127,Colyer,42
1001,Comerford,0
598,Comyn,55
869,Conaghan,97
2161,Condren,27
1768,Coney,10
681,Conlon,14
1838,Connelly,68
461,Connery,39
396,Connick,4
170,Connolly,54
1962,Connor,11
1976,Conquest,83
79,Conrad,62
2054,Conroy,96
1222,Considine,30
924,Coogan,76
128,Cook,50
2137,Cooke,39
2166,Coomes,40
1591,Cooper,23
2188,Cope,67
770,Copland,46
881,Coppard,61
1653,Copperfield,93
991,Corbett,26
644,Cork,78
55,Cormack,42
18,Cornell,26
1393,Cornes,68
1890,Cornish,7
1696,Cornwell,11
443,Corrie,88
109,Corrigan,8
1961,Coughlin,25
1540,Cunningham,21
205,Currie,29
64,Curry,59
13,Curtis,30
262,Curzon,24
258,Cushing,42
140,Cuthbertson,57
96,Cutter,38
2174,d'Arcy,30
1749,Daines,59
1687,Daisley,99
1709,Dale,39
613,Daley,26
146,Dallimore,65
426,Dalton,82
161,Daltrey,30
1394,Damon,62
599,Dane,0
917,Danes,35
606,Daniel,47
1967,Danvers,60
1307,Darling,12
251,Darwin,66
847,Dashwood,94
2097,Davenport,60
505,Davidson,64
563,Davies,77
458,Davis,42
623,Davison,72
1152,Davy,86
75,Dawson,82
1601,Day,69
1209,Deacon,81
1054,Deakin,99
1932,Deamer,77
193,Dean,5
1968,Decker,72
1595,Deighton,59
1764,Dekker,82
1397,Delaney,86
1534,Delany,52
852,Demery,11
2183,Dempsey,39
2202,Dench,70
1041,Denham,71
1411,Dennett,51
452,Dennis,37
59,Denny,80
1898,Derby,92
724,Derbyshire,4
243,Faraday,81
320,Farar,31
1188,Farber,87
402,Farley,42
1192,Farnaby,31
2078,Farnham,18
866,Farnon,16
25,Farquhar,47
212,Farrell,15
1276,Farrington,58
2143,Faulcon,15
1109,Fayrfax,95
543,Fearon,48
2218,Featherstonehaugh,92
511,Fee,5
216,Felton,54
386,Fennelly,9
610,Ferguson,92
635,Ferrar,74
1910,Ferris,66
1066,Ferry,55
1442,Fetherston,42
1990,Field,2
996,Fielding,18
709,Fiennes,24
927,Figgis,6
611,Finch,0
152,Findlay,36
1695,Finlay,83
1500,Finley,37
1478,Firestone,96
905,Firobisher,77
737,Firth,60
1837,Fishburne,74
144,Fisher,10
546,FitzClarence,98
1819,FitzGerald,47
1391,FitzMaurice,90
1282,FitzPatrick,46
1308,FitzRoy,37
699,FitzSimmons,53
424,FitzSimons,64
733,Flaherty,43
314,Flamsteed,42
536,Flecker,28
1622,Fleetwood,7
857,Fleming,76
397,Flemyng,99
469,Fletcher,68
66,Flint,57
595,Garfield,55
1630,Garland,32
2046,Garnet,35
182,Garnett,57
82,Garrett,60
1213,Garson,84
971,Gascoigne,72
1069,Gascoyne,96
1277,Gaster,2
676,Gatiss,82
2168,Gaveston,54
573,Gawley,1
1112,Gay,99
477,Gayson,80
1157,Gazzard,54
478,Gee,48
1719,George,35
717,Geraghty,73
1369,German,84
15,Gettens,70
755,Gibbins,53
2034,Gibbon,100
268,Gibbons,40
2058,Gibbs,6
1820,Gibney,71
2120,Gibson,51
678,Giddens,23
2133,Gielgud,91
263,Giles,58
282,Gillan,4
1574,Gillett,42
301,Gillings,6
266,Gilmartin,10
1605,Gilmore,37
1309,Gilmour,20
1317,Gilthorpe,49
1609,Gimson,33
1390,Girtin,66
1822,Gissing,38
1824,Gladstone,43
2182,Glasspool,0
1706,Gleeson,39
765,Glen,6
2232,Glover,83
683,Goddard,8
1111,Godolphin,87
31,Godrich,19
1596,Godwin,54
1995,Golbourn,72
186,Goldberg,68
2028,Grocyn,56
1541,Grosseteste,71
2065,Grove,1
855,Groves,87
647,Gruber,48
293,Guest,33
839,Guiness,29
1559,Guinness,26
1150,Guises,49
649,Gulbenkian,78
235,Gunn,52
1160,Gunnell,84
1194,Gunter,46
58,Guthrie,37
28,Gutteridge,4
749,Guyler,32
104,Gwatkin,6
1735,Gwilt,56
939,Gwyn,21
953,Gyle,43
1959,Hack,11
577,Hacker,35
1060,Hackman,61
1418,Haddock,94
1123,Haddon,93
57,Hadley,45
2106,Haggard,25
1101,Hailey,53
660,Haines,38
308,Hainsby,25
806,Haldane,12
296,Hale,91
632,Hales,35
2170,Haley,59
260,Halford,6
241,Hall,70
2215,Halley,66
2222,Halliday,83
1512,Hallows,74
1953,Halmshaw,12
1518,Halsall,96
1547,Hambling,76
1607,Hamer,75
585,Hamerton,51
1785,Hamilton,93
899,Hammerton,13
125,Hammond,34
1635,Hampson,23
248,Hampton,24
389,Hancock,37
7,Haynes,62
183,Hays,95
1944,Haythornthwaite,89
1142,Hayward,22
1448,Haywood,21
1437,Hazeldine,10
14,Hazell,11
1466,Headley,44
897,Healy,83
1298,Heartfield,63
1414,Heasman,28
157,Heath,91
2225,Heathcoat,24
280,Heather,87
168,Heatley,40
695,Heaviside,52
2020,Hegarty,30
1760,Helson,70
560,Henderson,1
45,Henfrey,52
1934,Henman,97
1471,Hennig,52
998,Henrit,29
2068,Henry,53
876,Henryson,3
1740,Henshall,88
1124,Hensley,19
2101,Henwood,88
712,Hepburn,74
1805,Herbert,83
2135,Herriot,8
761,Herschel,14
1648,Hervey,73
1970,Hession,34
1264,Heston,28
1618,Hetherington,61
1701,Hewitt,85
1151,Heyes,37
1575,Heywood,63
1353,Hibbert,90
1602,Hickey,41
609,Hicks,53
309,Hicky,100
663,Higginbotham,53
377,Higgins,99
1734,Hill,92
1557,Hilton,38
1848,Hinchcliffe,36
1008,Hinckley,91
466,Hinkley,33
512,Kerr,39
1167,Kersh,90
1724,Kershaw,97
1969,Keynes,57
328,Keys,95
1896,Kidman,91
832,Kilner,11
1592,Kimberley,88
2185,Kimbery,51
1464,Kincaid,79
2189,King,67
348,Kingscote,91
1447,Kingsley,71
1299,Kingston,34
169,Kington,14
98,Kipling,72
1071,Kirk,88
1062,Kirkby,53
827,Kirkland,93
390,Kirkman,62
340,Kissack,16
1499,Kissinger,42
922,Kitchen,59
1027,Kneen,55
2079,Knight,87
1178,Knightley,70
368,Knolles,41
815,Knott,89
1830,Knowland,85
540,Knowles,27
457,Knox,91
523,Kwouk,58
143,Laine,17
227,Laing,53
1620,Laird,97
1032,Lake,32
1525,Lamb,69
1382,Lambert,29
2211,Lance,47
1207,Lanchester,39
1254,Landon,24
538,Lane,8
2077,Lanfranc,26
955,Langdon,37
121,Langford,16
919,Langridge,93
684,Langshaw,97
1762,Langton,75
878,Lannaman,45
1660,Lansbury,83
785,Lily,92
1053,Lilye,14
1615,Linacre,52
1637,Lindbergh,100
1994,Lindgren,11
254,Lindley,97
1908,Lindsay,72
814,Lindsey,48
859,Linehan,76
1336,Linton,50
691,Lippincott,65
797,Lipscomb,1
2055,Lipset,49
1072,Lipson,8
294,Lipton,20
1,Lister,9
1859,Littler,88
1759,Littleton,47
1048,Livermore,45
1146,Livingston,88
1099,Livingstone,34
1665,Llewellyn,72
1430,Lloyd,87
270,Lockhart,64
892,Logan,6
234,London,88
1425,Lonergan,40
521,Long,50
1402,Longfellow,63
1462,Longhurst,85
1451,Lonsdale,88
1176,Lord,1
482,Lott,95
1539,Love,22
891,Lovecraft,51
1533,Lowe,98
2102,Lowell,59
1218,Loweth,11
1455,Lucas,6
898,Luce,2
670,Lucraft,70
2088,Lugard,69
418,Lumley,13
398,Lydgate,39
1887,Lyly,34
1906,Lynch,33
1948,Lynd,42
1930,Lynton,57
757,Lyons,71
1166,Lythgoe,32
1633,Maple,70
1634,Marett,81
1407,Markham,2
172,Marland,80
1839,Marlborough,30
1022,Marlowe,93
1316,Marquat,16
1895,Marr,5
44,Marriott,59
940,Marsh,98
1244,Marshall,61
995,Martin,73
428,Martinson,56
449,Marven,25
1212,Masefield,45
943,Mason,68
159,Massey,57
986,Masters,100
1799,Matheson,30
1357,Matthews,16
225,Mauchly,87
1258,Maudslay,11
450,Maugham,53
1180,Maxwell,24
1489,May,43
1828,Mayer,89
771,Mayfield,0
1348,Mayhew,55
90,Maynard,90
2121,Mayweather,20
1813,Maywood,52
1893,McAleese,45
972,McAllister,73
425,McAlmont,42
1928,McAlpine,77
1501,McArthur,43
964,McAvoy,88
86,McBein,79
1465,McBrain,81
795,McBride,37
357,McCabe,48
72,McCafferty,74
846,McCall,98
1205,McCallum,65
1015,McCann,89
1197,McCarroll,54
1738,McCarthy,49
984,McCartney,25
487,McCarty,58
773,McClellan,98
486,McKintosh,2
1565,McKnight,26
1064,McLagan,24
355,McLaglen,60
1250,McLaren,17
1360,McLaughlin,30
413,McLean,13
306,McLennan,49
1162,McLeod,29
997,McLoughlin,77
1624,McLuhan,23
1988,McMahon,70
1526,McMaster,70
63,McMath,36
304,McMillan,81
344,McMurtry,44
423,McNair,40
250,McNally,60
1487,McNamara,15
790,McNulty,21
230,McOnie,95
1085,McPartland,10
383,McPhail,72
1872,McPhee,64
1126,McPherson,24
298,McQueen,10
1836,McRae,29
1120,McSorley,91
601,McTeer,28
2103,McVie,40
2116,McWilliams,43
2207,Mear,80
1087,Meegan,43
779,Meehan,91
132,Melbourne,84
2164,Mellers,32
313,Melville,29
2234,Mercury,79
65,Meredith,21
669,Merrigan,38
1068,Merrill,87
555,Merwin,51
2095,Miall,51
1155,Michael,2
2075,Middleton,47
1520,Mill,67
1650,Millar,66
1568,Miller,9
1554,Mills,47
1663,Milne,77
1982,Offley,0
1143,Ogburn,13
269,Ogden,38
1159,Ogg,55
1875,Oudney,20
1269,Oughtred,49
1030,Ovett,76
341,Owen,95
1097,Owens,13
1916,Oxford,50
1274,Oxley,27
1104,Pace,12
836,Packer,60
2140,Page,40
2214,Paice,35
26,Pain,70
950,Paley,35
233,Palin,80
103,Palmer,15
1562,Pape,54
893,Pargeter,2
1781,Park,86
1730,Parker,70
1840,Parkes,43
1435,Parkin,59
1675,Parkins,64
1904,Parkinson,74
